poet,size of corpus (characters),Monk
白居易,188038,
杜甫,105933,
李白,84476,
元稹,66447,
劉禹錫,47856,
韓愈,41518,
貫休,40196,Yes
齊己,38563,Yes
陸龜蒙,36564,
韋應物,33344,
李商隱,32838,
孟郊,32451,
無名氏,30236,
劉長卿,29030,
皎然,28165,Yes
杜牧,27627,
皮日休,26954,
王建,26437,
姚合,25269,
許渾,24949,
張籍,24705,
錢起,24499,
岑參,24321,
溫庭筠,24241,
羅隱,24056,
權德輿,22424,
王維,21036,
韋莊,19156,
高適,19000,
李賀,18405,
賈島,18062,
張說,18043,
盧綸,17694,
方干,17122,
呂岩,16957,
吳融,16715,
韓偓,15970,
薛能,15884,
儲光羲,15818,
徐鉉,15572,
柳宗元,15171,
張祜,14892,
杜荀鶴,14739,
徐夤,14325,
張九齡,14205,
顧況,13894,
李端,13802,
李中,13640,
寒山,13434,Semi
鮑溶,13251,
孟浩然,13033,
司空圖,12933,
戴叔倫,12687,
李群玉,12548,
駱賓王,11835,
宋之問,11674,
趙嘏,11542,
李咸用,11107,
皇甫冉,11064,
沈佺期,11006,
李嶠,10531,
黃滔,10359,
盧仝,10328,
李紳,10311,
李頎,10235,
王昌齡,9629,
陳陶,9573,
鄭穀,9364,
唐彥謙,9311,
韓翃,9226,
楊巨源,9178,
李頻,8872,
李益,8751,
武元衡,8678,
李洞,8212,
元結,7971,
耿湋,7921,
盧照鄰,7675,
馬戴,7406,
司空曙,7405,
李德裕,7388,
陳子昂,7325,
朱慶餘,7318,
吳筠,6992,
羅鄴,6840,
張喬,6810,
許棠,6786,
劉得仁,6556,
戎昱,6386,
獨孤及,6340,
曹松,6318,
蘇頲,6095,
施肩吾,6019,
曹唐,6002,
李嘉佑,5958,
薛逢,5930,
李涉,5770,
劉滄,5634,
周曇,5460,
曹鄴,5325,
劉商,5285,
鄭谷,5244,
李世民,5149,
胡曾,5004,
呂溫,4967,
李山甫,4794,
雍陶,4768,
無可,4732,Yes
王勃,4545,
劉兼,4424,
花蕊夫人,4424,
羊士諤,4412,
張蠙,4404,
李建勳,4377,
和凝,4297,
崔顥,4202,
孫光憲,4177,
項斯,4166,
周賀,4032,Yes
崔塗,4020,
歐陽詹,3897,
馮延巳,3887,
李隆基,3886,
劉希夷,3731,
劉駕,3714,
殷堯藩,3708,
牟融,3568,
劉言史,3506,
于鵠,3484,
李郢,3481,
常建,3436,
王績,3358,
孫逖,3284,
歐陽炯,3220,
楊衡,3211,
章孝標,3190,
顧非熊,3024,
王貞白,3018,
郎士元,3015,
嚴維,2865,
羅虯,2814,
徐凝,2787,
杜審言,2668,
王周,2629,
賈至,2589,
令狐楚,2573,
虞世南,2557,
顧夐,2551,
李珣,2547,
薛濤,2512,
喻鳧,2504,
喬知之,2494,
魚玄機,2436,
于濆,2430,
李瀚2,2387,
陳羽,2377,
楊炯,2350,
李煜,2322,
徐彥伯,2318,
錢珝,2272,
譚用之,2254,
張泌,2250,
聶夷中,2236,
皇甫曾,2230,
裴說,2193,
蕭穎士,2187,
拾得,2166,Semi
李華,2132,
秦韜玉,2129,
張謂,2114,
包佶,2100,
孫元晏,2100,
崔湜,2062,
李乂,2060,
崔峒,2052,
于武陵,2024,
王涯,2016,
司馬紮,2000,
孫魴,1979,
王翰,1933,
崔道融,1914,
周朴,1908,
許敬宗,1903,
姚鵠,1844,
張繼,1840,
李適,1834,
長孫佐輔,1813,
邵謁,1806,
靈一,1782,Yes
崔國輔,1764,
來鵠,1759,
段成式,1736,
裴夷直,1716,
汪遵,1708,
杜光庭,1690,
蘇拯,1685,
祖詠,1684,
武則天,1673,
李百藥,1650,
崔櫓,1646,
韋渠牟,1632,
劉叉,1626,
高駢,1624,
毛文錫,1595,
殷文圭,1586,
李遠,1562,
秦系,1560,
孟雲卿,1552,
盧象,1548,
張南史,1538,
盧肇,1530,
翁承贊,1514,
竇庠,1493,
牛嶠,1488,
林寬,1469,
李昌符,1468,
唐求,1466,
毛熙震,1458,
尚顏,1454,Yes
儲嗣宗,1452,
鄭愔,1443,
張仲素,1424,
陶翰,1421,
鄭嵎,1401,
褚亮,1400,
竇鞏,1396,
章碣,1384,
魏征,1361,
沈亞之,1345,
任華,1339,
朱灣,1338,
劉威,1336,
楊凝,1336,
張碧,1316,
李廓,1270,
劉方平,1267,
于鄴,1244,
崔融1,1244,
孟貫,1240,
劉憲,1212,
盧鴻一,1208,
竇常,1200,
韓琮,1188,
崔玨,1187,
伍喬,1186,
鄭巢,1160,
上官儀,1138,
竇牟,1121,
楊師道,1106,
沈彬,1104,
趙冬曦,1084,
綦毋潛,1082,
修睦,1080,Yes
高蟾,1079,
舒元輿,1078,
胡宿,1064,
王灣,1064,
陸暢,1064,
顧雲,1059,
吳少微,1057,
魏承班,1042,
劉複,1028,
清江,1022,Yes
賀知章,1016,
子蘭,994,Yes
水神,983,
尹鶚,982,
盧僎,971,
周繇,968,
劉昚虛,959,
皇甫松,941,
薛昭蘊,940,
張子容,938,
趙彥昭,928,
熊孺登,924,
王轂,923,
王季友1,920,
武平一,896,
朱放,888,
竇群,884,
上官昭容,883,
薛據,880,
廣宣,876,Yes
閻朝隱,872,
蘇味道,846,
喻坦之,840,
許彬,840,
王仁裕,822,
莊南傑,820,
董思恭,800,
翁綬,798,
包何,796,
裴度,778,
靈澈,775,
李冶,774,
成彥雄,772,
郭震,761,
崔曙,754,
雍裕之,750,
丁仙芝,743,
丘為,738,
陳子良,736,
常袞,734,
王初,728,
徐氏,728,
鄭畋,727,
翁洮,724,
裴迪,720,
薛存誠,720,
暢當,708,
李敬方,708,
法振,707,Yes
牛希濟,706,
薛稷,690,
蔣防,688,
陸希聲,672,
慧淨,666,Yes
顏真卿,666,
任翻,664,
棲白,652,Yes
丘丹,648,
李九齡,644,
張賁,641,
李義府,633,
武三思,630,
楊淩,630,
賀蘭進明,624,
韋嗣立,624,
袁朗,620,
盧藏用,620,
褚載,618,
崔日用,615,
梁鍠,614,
楊夔,612,
虛中,610,Yes
楊發,608,
薛曜,605,
李渤,604,
孟簡,604,
孔德紹,600,
裴潾,596,
費冠卿,595,Yes
義淨,595,
楊憑,592,
姚系,590,
路德延,590,
韋蟾,588,
護國,588,Yes
盧延讓,586,
張潮,586,
許景先,582,
孟遲,581,
劉允濟,581,
徐堅,576,
僧鸞,574,Yes
修雅,569,Yes
張若虛,564,
陳標,560,
劉昭禹,558,
崔元翰,558,
張又新,552,
張志和,548,
崔液,536,
馬懷素,536,
胡皓,531,
晁采,528,
鄭遨,528,
徐安貞,522,
熊皎,522,
閻選,514,
李約,512,
李昂2,508,
陳去疾,508,
薛奇童,506,
棲蟾,496,Yes
張諤,495,
任希古,490,
韋元旦,488,
賀朝,487,
李治,487,
李沇,485,
萬楚,484,
朱景玄,482,
袁暉,480,
李逢吉,478,
馬異,473,
崔泰之,460,
鄭錫,456,
皇甫湜,450,
王適,450,
包融,449,
柳中庸,448,
冷朝陽,448,
王渙,448,
蕭至忠,444,
盧士衡,442,
王諲,441,
王起,441,
竇叔向,438,
鮑防,436,
詹敦仁,435,
徐光溥,432,
劉灣,430,
王睿,428,
蕭祜,427,
宋齊丘,421,
可止,418,Yes
李紓,416,
王泠然,414,
嵩岳諸仙,414,
楊乘,412,
韓溉,406,
牛僧孺,402,
盧殷,400,
李赤,400,
辛常伯,399,
李宣古,398,
歐陽袞,396,
崔涯,396,
嚴武,392,
王縉,392,
沈千運,390,
徐仲雅,390,
白行簡,388,
蔣吉,388,
李玖,384,
張紹,384,
趙光逢,384,
宋璟,380,
張彪,380,
吳商浩,376,
李昭象,374,
蘇渙,372,
張柬之,370,
蔣冽,370,
王琚,368,
牛殳,366,
湘妃廟,364,
張建封,362,
劉孝孫,360,
閻防,360,
王無競,358,
陳叔達,358,
馮著,356,
鄭澣,354,
張登,352,
趙摶,350,
韋承慶,350,
吳仁璧,350,
林滋,348,
劉象,344,
郎大家宋氏,344,
處默,342,
李康成,339,
姚崇,338,
吳越僧,336,
吳越人,336,
盧汝弼,336,
陸敬,336,
蔣貽恭,336,
楊嗣複,330,
張文琮,330,
徐浩,330,
薛瑩,328,
袁皓,328,
沈傳師,326,
伊用昌,326,
鹿虔扆,325,
謝偃,324,
宗楚客,324,
楊汝士,322,
司馬逸客,320,
常達,320,
崔日知,320,
霍總,318,
陳潤,316,
李程,316,
厲玄,316,
姚月華,312,
鄭損,304,
張紘,304,
廖融,302,
徐敞,300,
鄭世翼,300,
張聿,300,
崔備,300,
尉遲汾,300,
李暇,300,
李嶷,300,
程長文,294,
李騭,290,
江為,290,
李翱,290,
鐘離權,290,
左偃,290,
慕幽,288,
歸仁,288,Yes
蔡希寂,286,
萬齊融,286,
唐扶,282,
席豫,280,
陳元光,280,
劉禕之,280,
李璟,279,
鄭絪,278,
陳翊,276,
張易之,276,
崔護,276,
元晦,276,
張均,268,
源幹曜,264,
賈曾,262,
章八元,260,
于頔,260,
袁瓘,260,
岑羲,260,
張循之,260,
于良史,260,
孔紹安,260,
徐晶,260,
孟賓於,258,
張夫人,257,
李存勖,255,
公乘億,254,
顧甄遠,252,
于季子,252,
裴諝,251,
張嘉貞,250,
劉斌,250,
元希聲,248,
張為,248,
沈頌,246,
鄭准,246,
鮑君徽,245,
韓休,244,
可朋,244,Yes
劉庭琦,242,
皇甫澈,240,
韋處厚,240,
韋述,240,
宋昱,240,
郭周藩,240,
楊浚,240,
魏萬,240,
周匡物,238,
廖匡圖,238,
蔡孚,238,
李邕,236,
裴漼,236,
李忱,235,
韋元甫,232,
許堅2,232,
李顯,232,
慧宣,231,Yes
王丘,230,
魏知古,230,
朱長文,226,
王元,226,
丘光庭,225,
劉景複,224,
閻德隱,224,
張昭,224,
竇冀,223,
韓熙載,222,
張仲方,222,
元季川,220,
竇參,220,
歐陽玭,220,
李觀,220,
孫昌胤,220,
王駕,220,
陳存,220,
岑文本,220,
李正封,218,
文丙,216,
湯悅,216,
杜頠,215,
馮道,214,
徐賢妃,214,
梁瓊,211,
陸長源,210,
王季文,210,
鄭熏,210,
海順,210,
閻寬,210,
樓穎,208,
姚揆,208,Yes
隱巒,208,Yes
許堅1,208,
紀唐夫,208,
李吉甫,208,
張鼎,207,
龐蘊,204,
員半千,204,
陳季卿,204,
張袞,204,
袁不約,202,
宋華,200,
張蕭遠,200,
庾抱,200,
杜淹,200,
蔣渙,200,
袁高,200,
郭元振,200,
殷遙,200,
姚康,200,
虞羽客,200,
李希仲,200,
溫庭皓,200,
常理,198,
王锪,197,
李衍,196,
馮待征,196,
徐鍇,196,
孫棨,196,
史鳳,196,
呂渭,196,
李泌,195,
麹信陵,194,
王鐸,194,
李曄,192,
趙璜,192,
李舒,192,
陸贄,191,
殷寅,190,
王珪,190,
裴次元,190,
柳泌,188,
馬湘,188,
王烈,186,
張窈窕,186,
田娥,184,
于邵,184,
屈同仙,183,
盧注,182,
徐昌圖,181,
唐堯臣,181,
李從善,181,
範傳正,180,
崔立之,180,
李林甫,180,
丁澤,180,
王之渙,180,
張光朝,180,
葉季良,180,
徐延壽,180,
楊于陵,180,
李昂1,180,
徐九皋,180,
譚銖,178,
洞庭龍君,176,
張昌宗,176,
李幼卿,176,
黃損,174,
段文昌,172,
崔邠,172,
黃頗,172,
莫宣卿,170,
朱晝,170,
魏氏,170,
奚賈,170,
崔興宗,170,
顏胄,170,
趙氏2,168,
劉元淑,168,
劉元叔,168,
王岩,168,
劉損,168,
鄭璧,168,
趙光遠,168,
鄭啟,168,
羅袞,168,
蘇廣文,168,
金車美人,168,
李縠,168,
鄭渥,168,
韓仲宣,168,
蜀宮群仙,168,
高瑾,168,
顏萱,168,
魯收,168,
若虛,168,
沈廷瑞,164,
李迥秀,164,
盧從願,164,
馬逢,164,
趙征明,160,
張旭,160,
劉太真,160,
薛馧,160,
宋務光,160,
唐堯客,160,
陳希烈,160,
李賓,160,
王光庭,160,
趙居貞,160,
張匯,160,
賈彥璋,160,
卿雲,160,
崔翹,160,
成都醉道士,160,
趙氏1,160,
韋表微,160,
鄭鏦,160,
善生,160,
潘鹹,158,
許晝,156,
周弘亮,156,
羅紹威,155,
蘇源明,154,
常楚老,154,
畢耀,152,
馮伉,152,
張辭,152,
吉師老,152,
盧懷慎,152,
孫思邈,152,
鄭良士,152,
許孟容,152,
柳曾,151,
豆盧回,151,
崔宗之,150,
臨淄縣主,150,
于逖,150,
孫合,150,
彭伉,148,
尹懋,148,
林藻,148,
湛賁,148,
溫憲,148,
富嘉謨,147,
李如璧,147,
李貞白,147,
胡玢,146,
劉乙,146,
楊牢,146,
王表,144,
李叔卿,142,
原陵老翁,141,
趙鸞鸞,140,
劉瑤,140,
令狐峘,140,
易思,140,
韋夏卿,140,
李縝,140,
吳清妻,140,
虎丘石壁鬼,140,
韋建,140,
朱逵,140,
楊希道,140,
同穀子,140,
殷潛之,140,
杜正倫,140,
潘孟陽,140,
寇坦,140,
戴公懷,140,
平曾,140,
路應,140,
馬令,140,
東方虯,140,
李宏皋,140,
水府君,140,
蕭嵩,140,
蔡瑰,140,
李元紘,140,
蘇晉,140,
魏扶,139,
李棲筠,138,
趙彥伯,137,
惟審,136,
長孫無忌,136,
曇域,136,
張濯,136,
顧在鎔,136,
李憕,136,
詹琲,136,
陳通方,134,
蕭遘,134,
崔仲容,134,
陳至,134,
湘中蛟女,133,
劉皂,132,
知玄,132,
崔萱,130,
裴耀卿,130,
鄭綮,130,
翁宏,130,
王揆,130,
李懷遠,130,
張瀛,129,
郭子儀,128,
神穎,128,
錢鏐,128,
孫偓,128,
崔知賢,128,
褚朝陽,128,
李夢符,126,
白敏中,126,
許碏,126,
潘佑,126,
關盼盼,126,
趙牧,124,
柳公權,124,
鄭史,124,
張萬頃,122,
裴諧,122,
柴宿,121,
許康佐,120,
張宣明,120,
豐幹,120,
陳昌言,120,
鄭蕡,120,
孫頠,120,
張少博,120,
穆寂,120,
劉辟,120,
胡元范,120,
郭遵,120,
張嗣初,120,
劉綺莊,120,
員南溟,120,
羅讓,120,
趙蕃,120,
清遠道士,120,
許稷,120,
劉采春,120,
黎逢,120,
沈徽,120,
周存,120,
澹交,120,
沈東美,120,
席夔,120,
蕭昕,120,
李延陵,120,
張友正,120,
喬備,120,
羊滔,120,
張正元,120,
鄭審,120,
顏粲,120,
李夷簡,120,
王邕,120,
韋安石,120,
謝勮,120,
宋鼎,120,
法照,120,
呂敞,120,
葉法善,120,
裴守真,120,
侯冽,120,
崔善為,120,
李岑2,120,
錢眾仲,120,
陳光,120,
陳季,120,
朱仲晦,120,
張眾甫,120,
李深,120,
李夐,120,
鄭常,120,
石殷士,120,
嚴巨川,120,
劉迥,120,
陳嘉言,120,
李沛,120,
陳政,120,
張隨,120,
薛戎,120,
崔樞,120,
沈如筠,120,
楊思玄,120,
張琰,118,
許岷,118,
閻立本,118,
狄煥,118,
廖凝,118,
張元一,117,
封敖,117,
常浩,116,
金厚載,116,
王甚夷,116,
陳翥,116,
戈牢,116,
王武陵,116,
馮宿,116,
周渭,116,
蔣維翰,116,
張佐,116,
裴諴,116,
李絳,116,
武少儀,116,
盧渥,116,
元萬頃,116,
孟昶,115,
春台仙,114,
王鎔,113,
姜皎,112,
王宏,112,
鐘謨,112,
何希堯,112,
裴廷裕,112,
謝良輔,112,
柯崇,112,
孫氏,112,
張薦,112,
應物,112,
何光遠,112,
棲一,112,
李家明,112,
周濆,112,
步非煙,112,
袁郊,112,
彭曉,112,
陳宮妃嬪,112,
謝邈,112,
嚴郾,112,
韋皋,112,
王播,112,
李諒,112,
曲龍山仙,112,
卓英英,112,
薑晞,112,
伍唐珪,112,
司馬都,112,
柳棠,112,
滕潛,112,
周墀,112,
李季蘭,112,
王偃,112,
張雲容,112,
宮嬪,112,
李浩,112,
元凜,112,
胡令能,112,
李節,111,
廉氏,110,
懿宗朝舉子,110,
孟翔,110,
劉猛,110,
盧拱,110,
李敬玄,110,
崔璐,110,
楊凝式,110,
張直,110,
齊浣,108,
柳公綽,108,
鄭還古,108,
劉媛,108,
景雲,108,
李善夷,107,
張賈,106,
韋璜,106,
李亨,104,
韓滉,104,
蔡京,104,
紇幹著,104,
李回,104,
鄭餘慶,104,
滕傳胤,104,
滕邁,103,
夷陵女郎,103,
樊宗師,101,
吉中孚妻,101,
李禕,100,
崔禹錫,100,
金真德,100,
梁德裕,100,
歐陽詢,100,
厙狄履溫,100,
賈馳,100,
郭密之,100,
周瑀,100,
韋鎰,100,
王良士,100,
鄔載,100,
杜易簡,100,
王炎,100,
安鳳,100,
陶雍,100,
李景,100,
雲台峰女仙,100,
法輪,100,
李嶼,100,
魏奉古,100,
鄭顥,100,
趙良器,100,
解彥融,100,
徐知仁,100,
劉行敏,100,
張巡,100,
王言史,100,
張漸,100,
房管,100,
王瓚,100,
理瑩,100,
韓常侍,98,
鄭仁表,98,
劉雲,98,
史俊,98,
韓湘,98,
鄭愚,98,
馮涓,98,
蕭仿,96,
盧貞,96,
張氏,96,
息夫牧,96,
李士元,96,
徐靈府,96,
武瓘,96,
懷楚,96,
裴休,96,
韓昭,96,
苗發,96,
張白,96,
丁棱,96,
蘇瑰,96,
崔子向,96,
大易,96,
馮渚,95,
陳貺,94,
鐘輻,93,
許宣平,92,
劉晏,92,
崔玄亮,91,
權龍褒,90,
趙微明,90,
鄭縉,90,
朱均,90,
熊曜,90,
崔何,90,
袁傪,90,
司馬退之,90,
李琪,90,
元淳,90,
戴司顏,90,
郭澹,90,
王緯,90,
李密,90,
唐暄,90,
潘緯,90,
唐晅,90,
賀敱,90,
寶月,89,
李章,88,
楊敬之,88,
高球,88,
焦鬱,88,
張南容,88,
王魯複,88,
布燮,88,
王軒,88,
崔璞,88,
裴虔餘,88,
崔膺,88,
祝元膺,88,
甘露寺鬼,88,
吳武陵,88,
捧劍僕,88,
幸夤遜,86,
李餘,86,
郭良驥,84,
長孫佐轉妻,84,
葛鴉兒,84,
楊玢,84,
無則,84,
李舜弦,84,
盧尚書,84,
酒肆布衣,84,
劉鄴,84,
王福娘,84,
眉娘,84,
楊知至,84,
黃巢,84,
徐振,84,
韋承貽,84,
鄭據,84,
盧真,84,
張渾,84,
李節度姬,84,
楊萊兒,84,
王延彬,84,
張孜,84,
西施,84,
李搏,84,
洛中舉子,84,
胡杲,84,
吉皎,84,
張保胤,84,
魏樸,84,
劉真,84,
張固,84,
崔鉉,84,
何扶,84,
黃崇嘏,84,
上元夫人,84,
薛業,82,
劉氏雲,82,
滕倪,82,
賈躭,82,
嚴識玄,80,
李元操,80,
辛弘智,80,
歐陽瑾,80,
張文姬,80,
王卓,80,
趙惠宗,80,
童翰卿,80,
高正臣,80,
賀朝清,80,
朱宿,80,
趙鴻,80,
舒道紀,80,
織女,80,
法宣,80,
韋迢,80,
張良璞,80,
謝太虛,80,
林氏,80,
陸翱,80,
李宣遠,80,
閻濟美,80,
蕭彧,80,
趙中虛,80,
梁知微,80,
張修之,80,
趙鐸,80,
張文恭,80,
張良器,80,
鄭丹,80,
于瑰,80,
梁氏瓊,80,
苗晉卿,80,
邢象玉,80,
懷浦,80,
蕭華,80,
張錫,80,
王訓,80,
李子昂,80,
魏元忠,80,
余延壽,80,
李公佐僕,80,
周思鈞,80,
李敬伯,80,
裴光庭,80,
洪子輿,80,
戴休珽,80,
吳兢,80,
竇威,80,
梁獻,80,
楊廉,80,
劉濟,80,
姚向,80,
郭良,80,
高嶠,80,
解琬,80,
弓嗣初,80,
周彥暉,80,
鄭馥,80,
溫會,80,
盧頻,80,
潘炎,80,
宇文融,80,
孫長史女,80,
楊諫,80,
張烜,80,
張文規,80,
釋泚,80,
芮挺章,80,
顧朝陽,80,
姚倫,80,
範朝,80,
王熊,80,
鄭昉,80,
孟氏,80,
長孫正隱,80,
虞有賢,79,
魚又玄,79,
沈宇,76,
陳寡言,76,
孫叔向,76,
張道古,76,
龍女,76,
幹康,76,
王韞秀,76,
薛昭緯,75,
陸羽,74,
李景伯,72,
沈顏,72,
李旦,72,
盧絳,72,
劉氏瑤,70,
任氏,70,
林傑,70,
高璩,70,
徐月英,70,
陸堅,70,
何兆,70,
周仲美,70,
徐玄之,70,
權徹,70,
劉戩,70,
李肱,70,
薛元超,70,
許天正,70,
張立,70,
嚴含質,70,
李元嘉,70,
徐商,70,
吳子來,68,
衛象,68,
薛令之,68,
豆盧複,68,
楊達,68,
吳象之,68,
故台城妓,68,
盧溵,68,
洛川仙女,68,
崔鶯鶯,68,
河北士人,68,
張敬忠,68,
陸扆,67,
周元範,66,
張楚金,66,
符載,66,
楊虞卿,66,
蒯希逸,66,
李景讓,66,
祝欽明,64,
藍采和,64,
崔玄童,64,
王晙,64,
何鸞,64,
源光裕,64,
蔣挺,64,
劉晃,64,
張齊賢,64,
杜羔,64,
陳京,64,
鄭善玉,64,
夏侯孜,64,
無名鬼,64,
韓思複,64,
歸登,64,
王感化,62,
鄭洪業,61,
于結,61,
鄧陟,61,
王嶽靈,60,
馮道之,60,
潘存實,60,
李體仁,60,
滕珦,60,
顧偉,60,
封孟紳,60,
庾承宣,60,
鄭孺華,60,
仲子陵,60,
裴澄,60,
商山客死生,60,
丁位,60,
豆盧榮,60,
顧封人,60,
魏朋妻,60,
樊陽源,60,
陶拱,60,
範傳質,60,
孔溫業,60,
于尹躬,60,
王約,60,
鄒紹先,60,
康翊仁,60,
李賢,60,
劉公興,60,
李行敏,60,
辛宏,60,
石倚,60,
湯洙,60,
宋若憲,60,
韓浚,60,
吳丹,60,
李季何,60,
劉遵古,60,
陳九流,60,
李正辭,60,
萬俟造,60,
陳祜,60,
盧鈞,60,
夏侯楚,60,
沈回,60,
賈棱,60,
王景中,60,
胡權,60,
殷琮,60,
張元正,60,
張複元,60,
于興宗,60,
袁求賢,60,
劉莊物,60,
唐備,60,
常沂,60,
朱華,60,
李君房,60,
鄭繇,60,
張氳,60,
蓮葉二客,60,
程行諶,60,
樂伸,60,
寇泚,60,
鮑氏君徽,60,
車緬,60,
李勳,60,
張翬,60,
楊洵美,60,
王若岩,60,
薛光謙,60,
張複,60,
張叔卿,60,
鄭俞,60,
王季友2,60,
李崇嗣,60,
苑gT,60,
楊續,60,
高弁,60,
蔡文恭,60,
陳諷,60,
宋迪,60,
羅泰,60,
鄭袞,60,
鄭轅,60,
楊收,60,
趙存約,60,
李暠,60,
元友讓,60,
鄧倚,60,
陳師穆,60,
崔沔,60,
杜元穎,60,
王損之,60,
張欽敬,60,
徐至,60,
張叔良,60,
孫顧,60,
張勝之,60,
徐元鼎,60,
孫處玄,60,
鐘輅,60,
朱光弼,60,
嵩山女,60,
賈宗,60,
錢可複,60,
王公亮,60,
紇幹諷,60,
楊系,60,
李收,60,
羅立言,60,
吳秘,60,
裴元,60,
呂牧,60,
元友直,60,
俞簡,60,
獨孤綬,60,
李胄,60,
南詔驃信,60,
劉升,60,
獨孤良弼,60,
莊若訥,60,
裴大章,60,
獨孤鉉,60,
馮涯,60,
杜周士,60,
王儲,60,
張蒙,60,
徐仁嗣,60,
浩虛舟,60,
徐牧,60,
李君何,60,
陸複禮,60,
楊於陵,60,
夏方慶,60,
李虞仲,60,
朱延齡,60,
孟匡明,60,
殷堯恭,60,
盧崇道,60,
王綽,60,
褚遂良,60,
郭求,60,
何儒亮,60,
張儼,60,
史延,60,
朝衡,60,
獨孤授,60,
劉洎,60,
邵偃,60,
張鷺,60,
王鑒,60,
南巨川,60,
陳中師,60,
薛少殷,60,
崔宗,60,
崔尚,60,
何頻瑜,60,
周徹,60,
裴杞,60,
郭邕,60,
李竦,60,
侯道華,60,
敬括,60,
孔氏,60,
崔琮,60,
王季則,60,
鄭述誠,60,
張昔,60,
獨孤申叔,60,
裴達,60,
劉懷一,60,
陳璀,60,
崔藩,60,
呂價,60,
鄭師貞,60,
宋若昭,60,
紀元皋,60,
戴察,60,
許堯佐,60,
孟彥深,60,
韋抗,60,
褚琇,60,
濮陽瓘,60,
李曄2,60,
吉中孚,60,
竇蒙,60,
張惟儉,60,
柳道倫,60,
吳晃,60,
張起,60,
獨孤良器,60,
成崿,60,
馬乂,60,
庾敬休,60,
羅維,60,
呂炅,60,
丁居晦,60,
魏璀,60,
梁升卿,60,
李損之,60,
王濯,60,
曹著,60,
苗仲方,60,
叔孫玄觀,60,
邢巨,60,
王履貞,60,
竇洵直,60,
武翊黃,60,
李子卿,60,
葉元良,60,
胡直鈞,60,
盧景亮,60,
張莒,60,
張季略,60,
韓思彥,60,
李行言,60,
孟翱,60,
吳叔達,60,
焦郁,60,
盧征,60,
韋紓,60,
賈謨,60,
古之奇,60,
張公乂,60,
裴逵,60,
石召,60,
李應,60,
張何,60,
陳彥博,60,
劉長川,60,
郭汭,60,
希道,60,
崔績,60,
慧偘,60,
管雄甫,60,
李願,60,
閭丘均,60,
田遊岩,60,
賀遂亮,60,
劉軻,60,
梁鉉,60,
朱休,60,
李衢,60,
沈鵬,60,
王質,60,
林琨,60,
庾傳素,59,
衛萬,59,
張瑛,58,
王麗真,58,
李范,58,
李濤,58,
李茂複,57,
韓嶼,57,
何仲宣,56,
韋丹,56,
張彤,56,
軒轅彌明,56,
王沈,56,
張義方,56,
楊漢公,56,
沈叔安,56,
司馬承禎,56,
邢群,56,
無悶,56,
王鋌,56,
楊奇鯤,56,
曹汾,56,
懷浚,56,
裴璀,56,
元孚,56,
姚氏月華,56,
郭鄖,56,
李太玄,56,
蘇郁,56,
油蔚,56,
何敬,56,
張道符,56,
皇甫曙,56,
江陵士子,56,
郭夔,56,
張太華,56,
程氏長文,56,
慈恩院女仙,56,
李克恭,56,
韋檢,56,
邵楚萇,56,
李浩弼,56,
孫定,56,
何元上,56,
懷素,56,
張抃,56,
張子明,56,
宋雍,56,
李都,56,
高退之,56,
王傳,56,
張果,56,
裴贄,56,
鄧洵美,56,
張令問,56,
孟守,56,
朱沖和,56,
盧嗣立,56,
盧群,56,
胡雄,56,
李宗閔,56,
樊驤,56,
蔣肱,56,
劉望,56,
丘上卿,56,
胡駢,56,
楚兒,56,
王仙仙,56,
李昉,56,
陸岩夢,56,
崔郾,56,
李微,56,
嚴郭,56,
房孺複,56,
裴翻,56,
李謹言,56,
張懷,56,
王繼勳,56,
柴夔,56,
王鍇,56,
盧順之,56,
潘唐,56,
崔少玄,56,
許三畏,56,
彭蟾,56,
韋瓘,56,
顏仁郁,56,
蔡希周,56,
劉道昌,56,
羊昭業,56,
金地藏,56,
包穎,56,
劉氏媛,56,
劉暌,56,
劉耕,56,
亞棲,56,
李旭,56,
石貫,56,
劉蕃,56,
趙氏3,56,
嚴休複,56,
劉三複,56,
王彥威,56,
吳燭,56,
蕭項,56,
查文徽,56,
楊敬述,56,
殷陶,56,
王霞卿,56,
竇梁賓,56,
陳上美,56,
劉氏婦,56,
周庠,56,
範燈,56,
陸弘休,56,
滕白,56,
方壺居士,56,
庾光先,56,
易重,56,
許學士,56,
泠然,56,
張署,56,
羅炯,56,
許玫,56,
裴羽仙,56,
張觀,56,
劉氏亡婦,56,
黃文,56,
楊志堅,56,
李渥,56,
李休烈,56,
喬琳,56,
楊鼎夫,56,
狄仁傑,56,
廣利王女,56,
李廷璧,56,
周鏞,56,
孟球,56,
韜光,56,
房千里,56,
吳涵虛,56,
姚岩傑,56,
樊珣,56,
楊郇伯,56,
林嵩,56,
崔軒,56,
裴鉶,56,
唐思言,56,
熊皦,56,
龐德公,56,
侯氏,56,
韋鵬翼,56,
崔元略,56,
柳珪,56,
盧群玉,56,
宋濟,56,
楊行敏,56,
薛宜僚,56,
張格,56,
裴交泰,56,
郭受,56,
劉章,56,
馬植,56,
盧宗回,56,
趙延壽,56,
羅珦,56,
伊璠,56,
長孫氏,56,
鄭概,56,
邵升,56,
紫微孫處士,56,
夏鴻,56,
盧尚卿,56,
崇聖寺鬼,56,
李建,56,
中寤,56,
盧鉟,56,
張安石,56,
智亮,56,
陶峴,56,
唐廩,56,
馬致恭,56,
介胄鬼,56,
周岳秀,56,
胡傳美,56,
路貫,56,
錢俶,56,
李潛,56,
張禕,56,
孫咸,56,
潘咸,56,
盧弼,56,
苑鹹,56,
朱子真,56,
馮袞,56,
麻溫其,56,
何贊,56,
石恪,56,
盧休,55,
範堯佐,55,
韋式,55,
崔信明,55,
閩後陳氏,54,
高輦,54,
柳氏,54,
劉贊,54,
伍彬,54,
伊夢昌,54,
陸海,54,
張松齡,54,
歐陽澥,53,
崔公遠,52,
竇弘餘,51,
康駢,51,
談戭,50,
裴略,50,
任要,50,
曇翼,50,
李貞,50,
柳郴,50,
尚能,50,
鄭義真,50,
王德真,50,
楊徽之,50,
牛鳳及,50,
蕭楚材,50,
薛克構,50,
馬周,50,
劉畋,50,
病狂人,50,
胡證,50,
韋洪,50,
喬侃,50,
王衍,50,
許鼎,48,
劉洞,48,
權審,48,
席元明,48,
卞震,48,
任生,48,
李播,48,
石抱忠,48,
鮑家四弦,48,
盧儲,48,
楊炎,48,
天寶宮人,48,
張元宗,48,
毛女正美,48,
程彌綸,47,
林楚翹,47,
張希複,46,
張曙2,45,
劉郇伯,45,
含曦,44,
陳甫,44,
歐陽彬2,43,
劉侍讀,43,
王正己,42,
庸仁傑,42,
景審,42,
譚峭,42,
織錦人,42,
夏寶松,42,
王迥,42,
淨顯,42,
顏蕘,42,
樊晃,42,
劉虛白,42,
玄寶,40,
李得,40,
蔡允恭,40,
鐘蒨,40,
輔國將軍,40,
顏師古,40,
喬舜,40,
劉淑柔,40,
劉皋,40,
符子珪,40,
黃冠野夫,40,
謝仲宣,40,
朱琳,40,
張正一,40,
張震,40,
陸肱,40,
道恭,40,
顏舒,40,
李從謙,40,
徐皓,40,
薛維翰,40,
李建業,40,
長孫鑄,40,
黃麟,40,
王沂,40,
梁洽,40,
崔融,40,
張燦,40,
鄭紹,40,
劉友賢,40,
衛葉,40,
郭利貞,40,
楊彝,40,
陳元裕,40,
楊賁,40,
智遠,40,
鄭昈,40,
陸景初,40,
康庭芝,40,
柳藏經,40,
清尚,40,
鄭德玄,40,
張垍,40,
史青,40,
暢諸,40,
劉知幾,40,
唐怡,40,
武后宮人,40,
孫峴,40,
荊浩,40,
王勔,40,
張大安,40,
慈恩寺沙門,40,
陰行先,40,
韋道遜,40,
元晟,40,
崔亙,40,
李續,40,
黃山隱,40,
王易從,40,
胡幽貞,40,
李明遠,40,
韓雄,40,
殷少野,40,
尚志,40,
錢戭,40,
劉子玄,40,
沈青箱,40,
梁陟,40,
張敬徽,40,
董初,40,
荊冬倩,40,
鄭南金,40,
薛蒙,40,
麹瞻,40,
王茂時,40,
張迥1,40,
郎餘令,40,
魏兼恕,40,
王觀,40,
裴淑,40,
文益,40,
朱可名,40,
劉䤺,40,
孫佺,40,
海印,40,
李質,40,
大愚,40,
魏求己,40,
宜芬公主,40,
徐謙,40,
崔珪,40,
林珝,40,
劉義,40,
楊逵,40,
陳孫,40,
辨才,40,
李京,40,
杜之松,40,
景池,40,
王羨門,40,
薛媛,40,
鄭遂初,40,
姚偓,40,
張弘靖,40,
朱使欣,40,
朱延,40,
張軫,40,
吳大江,40,
張叢,40,
李峰,40,
劉璐,40,
徐仁友,40,
田章,40,
崔公信,40,
吳鞏,40,
陳昭,40,
李秘,40,
杜誦,40,
李恒,40,
徐放,40,
邵士彥,40,
吳黔,40,
閭丘曉,40,
高紹,40,
王邵,40,
于經野,40,
鄭愕,40,
陸瀍,40,
張景源,40,
沈祖仙,40,
孫翃,40,
朱子奢,40,
苑咸,40,
韋濟,40,
周彥昭,40,
趙湘,40,
房白,40,
謙光,40,
竇希玠,40,
王良會,40,
周萬,40,
釋明解,40,
劉太沖,40,
鄭軌,40,
韋鼎,40,
楊厚,40,
謝陶,40,
李鄴,40,
李逸,40,
嚴公貺,40,
趙防,40,
辛替否,40,
王嚴,40,
李適之,40,
楊容華,40,
裴延,40,
林璠,40,
陳乘,40,
李夔,40,
韋執中,40,
李溟,40,
公孫杲,40,
盧栯,40,
賀蘭朋吉,40,
富春沙際鬼,40,
劉廓,40,
常非月,40,
釋彪,40,
李彥暐,40,
呂群,40,
韓察,40,
暢甫,40,
李彥遠,40,
牛征,40,
沈麟,40,
路洵美,40,
韓垂,40,
田澄,40,
趙謙光,40,
殷益,40,
畢幹泰,40,
徐介,40,
僧鳳,40,
趙起,40,
孫緯,40,
李咸,40,
楊齊哲,40,
扈載,40,
崔恭,40,
盧士政,40,
綦毋誠,40,
若水,40,
陳凝,40,
寇埴,40,
房融,40,
樊忱,40,
令狐德棻,40,
于志寧,40,
衛光一,40,
汪萬於,40,
李澄之,40,
蕭翼,40,
盧嗣業,40,
高銖,40,
李朋,40,
盧求,40,
郭正一,40,
袁恕己,40,
張鴻,40,
開元宮人,40,
皇甫大夫,40,
李汶儒,40,
孫欣,40,
劉元濟,40,
劉舟,40,
薛昚惑,40,
王景,40,
唐遠悊,40,
趙宗儒,40,
滄浩,40,
趙驊,40,
蘇綰,40,
殷七七,40,
周利用,40,
汪極,40,
趙叔達,40,
獨孤實,40,
李伯魚,40,
封行高,40,
梁載言,40,
崔頌,40,
姚發,40,
李倫,40,
恒超,40,
賈邕,40,
安錡,40,
鄭嚴,40,
楊顏,40,
李從遠,40,
徐珩,40,
張生,38,
蔡昆,38,
張氏琰,38,
繆島雲,38,
戴衢,38,
蘇鬱,38,
李堯夫,38,
陳沆,38,
段義宗,38,
李濤1,38,
段穀,38,
陳元初,36,
張鷟,36,
張熾,36,
杜奕,36,
高湘,35,
郭仁表,35,
尉遲匡,34,
何仲舉,34,
包賀,34,
龍護老人,32,
崔居儉,32,
盧文紀,32,
丘悅,32,
丘說,32,
蘇,31,
崔耿,30,
王紹宗,30,
李日新,30,
袁邕,30,
高力士,30,
陳述,30,
蕭妃,30,
李岑1,30,
高傪,30,
陳琡,30,
林披,30,
黃幡綽,30,
蔡隱丘,30,
徐侃,30,
邵景,29,
張偁,28,
常雅,28,
華山老人,28,
九華山白衣,28,
沈韜文,28,
楊貴妃,28,
楊玉環,28,
葛氏女,28,
劉溉,28,
杜儼,28,
崔瓘,28,
李伉,28,
嚴惲,28,
李平,28,
韋檢亡姬,28,
李聰,28,
朱晦,28,
李習,28,
皇甫鏞,28,
陳玉蘭,28,
王滌,28,
鐵銚,28,
黃陵美人,28,
狄歸昌,28,
吳圓,28,
衛準,28,
韋冰,28,
高崇文,28,
李章武,28,
毛女,28,
劉羲叟,28,
陳彥,28,
張演,28,
朱存,28,
崔素娥,28,
王巨仁,28,
李穆,28,
陳嶠,28,
李歸唐,28,
許瑤,28,
雲表,28,
盧子發,28,
李詢,28,
崔滌,28,
陳嶰,28,
馬彧,28,
鄰道場人,28,
吳英秀,28,
劉阜,28,
襄陽舉人,28,
鄭合,28,
王氏,28,
嚴續姬,28,
青童,28,
劉谷,28,
文秀,28,
鄭玉,28,
馮少吉,28,
青城丈人,28,
張仁寶,28,
章江書生,28,
黎瓘,28,
王麗真女郎,28,
蘇檢,28,
何昌齡,28,
杜常,28,
隱者,28,
韋鏗,28,
李甘,28,
許大,28,
漳郡守,28,
李昌鄴,28,
芙蓉古丈夫,28,
裴思謙,28,
朱褒,28,
劉山甫,28,
王希羽,28,
馮道幕客,28,
方澤,28,
天寶時人,28,
薛准,28,
王氏女,28,
高拯,28,
隔窗鬼,28,
巴陵館鬼,28,
楊義方,28,
于敖,28,
清豁,28,
元載,28,
崔成甫,28,
李拯,28,
李玉簫,28,
神龍從臣,28,
崔公佐客,28,
冷朝光,28,
張懷慶,28,
梁震,28,
駱浚,28,
令狐綯,28,
楊昭儉,28,
李晝,28,
崔紫雲,28,
王易簡,28,
牛叢,28,
平康妓,28,
若耶溪女子,28,
張隱,28,
程賀,28,
崔澹,28,
歐陽賓,28,
嚴公弼,28,
王繼鵬,28,
蕭微,28,
邵大震,28,
張立本女,28,
程洛賓,28,
郫城令,28,
太原妓,28,
崔氏,28,
范元凱,28,
王祝,28,
唐溫如,28,
王碩,28,
衡州舟子,28,
李瀚1,28,
李嶸,28,
峽中白衣,28,
尉佗,28,
蓮花妓,28,
李弘茂,28,
徐安期,28,
張頂,28,
戚逍遙,28,
終南山翁,28,
段懷然,28,
周顓,28,
無名釋,28,
王仲舒,28,
楊損,28,
張守中,28,
京兆女子,28,
許宏,28,
程紫霄,28,
裴士淹,28,
李峴,28,
吳彩鸞,28,
封彥卿,28,
王樞,28,
姚嶸,28,
張汯,28,
慎氏,28,
驪山遊人,28,
張仲謀,28,
鄭適,28,
韋遵,28,
張曙1,28,
宋元素,28,
南卓,28,
崔江,28,
織綃女,28,
劉魯風,28,
崔郊,28,
李昪,28,
先汪,28,
萼嶺書生,28,
繁知一,28,
楊鸞,28,
崔立言,28,
紅綃妓,28,
戴偃,28,
徐釣者,28,
蕭曠,28,
破笛,28,
舞柘枝女,28,
安鴻漸,28,
禿帚,28,
夏侯審,28,
張綺,28,
桃花夫人,28,
崔惠童,28,
李建樞,28,
周祚,28,
楊鴻,28,
耽章,28,
方愚,28,
元和舉子,28,
孫子多,28,
景龍文館士,28,
甄後,28,
唐末朝士,28,
李韶,28,
誰氏女,28,
李和風,28,
萬彤雲,28,
李令,28,
趙虛舟,28,
王蘇蘇,28,
京兆韋氏子,28,
崔季卿,28,
孟賓于,28,
李曜,28,
吳士矩,28,
洪州將軍,28,
文鑒,28,
志定,28,
潘雍,28,
樊夫人,28,
閻敬愛,28,
孫蜀,28,
觀梅女仙,28,
僖宗北省官,28,
張陵,28,
太白山玄士,28,
王越賓,28,
柳渾,28,
令狐挺,28,
梁補闕,28,
朱澤,28,
陸貞洞,28,
蕭建,28,
張保嗣,28,
李縞,28,
韓儀,28,
廖有方,28,
武昌妓,28,
天嶠遊人,28,
劉坦,28,
李羽,28,
裴皞,28,
蜀酒閣道人,28,
李訥,28,
利涉,28,
良乂,28,
歸氏子,28,
繆氏子,28,
沙磧女子,28,
韋同則,28,
高衢,28,
蕭靜,28,
韓昭裔,28,
客戶裏女子,28,
高越,28,
李清,28,
裴澈,28,
盛小叢,28,
崔安潛,28,
蕭縝,28,
崔常侍,28,
尹璞,28,
陳璠,28,
裴瑤,28,
李虞,28,
張魯封,28,
盧鄴,28,
張仁溥,28,
鄭立之,28,
鄭瓊羅,28,
張侹,28,
江妃,28,
劉元載妻,28,
李升,28,
書生,28,
許瀍,28,
曹生,28,
白衫舉子,28,
劉崇龜,28,
蔣鈞,28,
太乙真君,28,
曾麻幾,28,
貞元文士,28,
襄陽妓,28,
南溟夫人,28,
宋若華,28,
朱絳,28,
崔敏童,28,
丁元和,28,
李主簿姬,28,
薛[日+紆],28,
張氏女,28,
韓定辭,28,
王喬,28,
邢鳳,28,
崔李二生,28,
崔元範,28,
郭圓,28,
梁藻,28,
劉崇魯,28,
李祜,28,
長孫翱,28,
田達誠宅鬼,28,
王夢周,28,
裴航,28,
建業蔔者,28,
王智興,28,
孔顒,28,
座客,28,
秦尚運,28,
朱元,28,
成輔端,28,
段弘古,28,
薛瑤,27,
崔懷寶,27,
楊廷玉,25,
河中鬼,24,
歐陽彬,24,
李真,24,
白氏,24,
中宗朝優人,24,
高元矩,24,
王龜,24,
詹雄,24,
裴談,24,
皮光業,24,
張生妻,22,
元寂,22,
長須國駙馬,22,
杜兼,21,
張省躬,20,
南唐失名僧,20,
陸憑,20,
呂太一,20,
裴翛然,20,
馬冉,20,
水心寺僧,20,
吳公,20,
郭向,20,
趙武建,20,
無名女鬼,20,
吳人,20,
裴玄智,20,
楊德麟,20,
許圉師,20,
郭恭,20,
選人,20,
蔣氏,20,
巴峽鬼,20,
隱求,20,
李助,20,
劉義度,20,
慕容韋,20,
劉夷道,20,
李季華,20,
石季武,20,
韓弇,20,
鄒象先,20,
七歲女子,20,
蕭意,20,
西鄙人,20,
潘求仁,20,
少年,20,
宣宗宮人,20,
朱斌,20,
無作,20,
湘中女子,20,
徐璧,20,
鄭僕射,20,
太白山神,20,
湘驛女子,20,
申歡,20,
李花開,20,
范氏子,20,
廣陵道士,20,
邵真,20,
王鐐,20,
盧駢,20,
李贊華,20,
密陀僧,20,
楊重玄,20,
顏令賓,20,
王玄,20,
鄭惟忠,20,
劉幽求,20,
潘圖,20,
範夜,20,
趙自然,20,
僖宗宮人,20,
封抱一,20,
李陽冰,20,
薛瓊,20,
安邑坊女,20,
賈弇,20,
章玄同,20,
鄭頲,20,
吏部選人,20,
欒清,20,
喬氏,20,
德宗宮人,20,
毛明素,20,
崔融2,20,
趙z7,20,
盧言,20,
樵夫,20,
竇裕,20,
省吏,20,
麹崇裕,20,
李序,20,
何象,20,
河湄鬼,20,
李淵,20,
唐末僧,20,
陸子,20,
辛學士,20,
太守,20,
柳逢,20,
曹修古,20,
方棫,20,
荊人,20,
夏侯子雲,20,
蕭德言,20,
李何,20,
徐希仁,20,
薛耀,20,
魏謨,20,
荊叔,20,
陳黯,20,
李榮,20,
楊苧蘿,20,
任彥思家鬼,20,
孫革,20,
慕容垂,20,
國邵南,20,
鄭中丞,20,
賀遂涉,20,
李叔霽,20,
道會,20,
沈仲昌,20,
徐之才,20,
鄭蜀賓,20,
婺州山中人,20,
潘佐,20,
金昌緒,20,
鄭露,20,
元礎,20,
成真人,20,
魏巒,20,
李福業,20,
石惠泰,20,
李遐周,20,
鄭虔,20,
朱彬,20,
盧攜,20,
柳明獻,20,
太上隱者,20,
宇文鼎,20,
錢信,20,
吳興神女,20,
杜建徽,20,
楊持,20,
陸禹臣,20,
李征古,20,
張文收,20,
郭紹蘭,20,
盧獻卿,20,
李澣,20,
蘇檢妻,20,
崔庸,20,
來濟,20,
王氏婦,18,
史思明,18,
鄭符,18,
冥吏,17,
長屋,16,
李兼,16,
張翱,16,
鄭光業,16,
蕭結,16,
李豫,14,
薛沆,14,
長安中鬼,14,
玄幽,14,
羅穎,14,
楊鳧,14,
李日知,14,
鄭說,14,
張顗,14,
何涓,14,
馮戡,14,
韓襄客,14,
元德昭,14,
韓泰,14,
劉燕,14,
李蔚,14,
李景遂,14,
高亭,14,
郭思,14,
王枳,14,
劉炎,14,
周愿,14,
曹文姬,14,
盧載,14,
陳複休,14,
趙慶,14,
鄭賨,14,
韓熙載客,14,
臨川小吏,14,
穠華,14,
黃可,14,
史瑜,14,
爾鳥,14,
王延珪,14,
陳詠,14,
劉敬之,14,
李曄1,14,
朱勰,14,
契盈,14,
何承裕,14,
高元裕,14,
鐘元章,14,
鄭冠卿,14,
張林,14,
韋澳,14,
知業,14,
林楚才,14,
陳德誠,14,
林無隱,14,
王璘,14,
馮暉,12,
蔡押衙,12,
瀵水神,10,
寶曆宮人,10,
史虛白,10,
蔣密,10,
盧拜,10,
商則,10,
蘇芸,10,
季廣琛,10,
吳靄,10,
第五琦,10,
潘天錫,10,
徐融,10,
申堂構,10,
陳秀才,10,
李摯,10,
靈准,10,
韋青,10,
符蒙,10,
孟不疑,10,
胡元龜,10,
陳蓬,10,
邵拙,10,
張迵,10,
悟清,10,
王俊,10,
庭實,10,
徐彥若,10,
毛炳,10,
龐季子,10,
鄭翱,10,
米都知,10,
顏允南,10,
齊鎬,10,
屠瑰智,10,
任濤,10,
高若拙,10,
郭廷謂,10,
石文德,10,
妙女,10,
杜偉,10,
神迥,10,
可隆,10,
賀公,10,
曾崇范妻,10,
胥偃,10,
張瑩,10,
趙休,10,
杜鴻漸,10,
淡然,10,
趙仁獎,10,
伶人,8,
王魯,8,
周延翰,7,
任玠,7,
張幹,6,
荊州僧,5,
陳蛻,5,
雲容,5,
韋綬,5,
all QTS,2571562,